,symbol,src,close,mu_raw,mu_var,sigma,hurst,sortino,mdd,liq,mu,trend_t,regime,p_win,ev,cvar5,kelly,entry,entry_deep,sl,tp,tp1,tp2,tp3,trend_regime,vol_regime,rr,p_tp,p_sl,ev_trade,fill_bars,alloc,status,score
1,STRK,Binance,0.05498,0.004382494790487694,7.142204441504521e-06,0.0224432131635899,0.5756004203435037,0.12130087550041546,0.23753490227363383,7.534553478551094,1.4302668967880164e-06,1.6398543257038847,0.12397367632532647,0.495,0.0032795708722583275,-0.2099887133208114,0.001419766820714725,0.053872207739494325,0.05254731230091765,0.0509905488120523,0.06013328766194626,0.05754596519232298,0.06013328766194626,0.06353163557669805,BULLISH,HIGH_VOL,2.1727345532907094,0.24,0.49916666666666665,0.006276625405094466,6,0.001419766820714725,PANTAU,1.4197850023075114
2,RUNE,Binance,0.812,0.0024747994931646022,2.336902219472388e-06,0.009837649761801993,0.561335546035308,0.13802867427594231,0.11728395061728403,6.859796147546914,1.4302713467025926e-06,1.618898974210069,0.09929605255917458,0.48675,-0.00027422994966704766,-0.09808908055235283,0.0073893413460205115,0.8047553996884396,0.7960858172138882,0.7855948156092312,0.8444899404173709,0.8283659675649222,0.8444899404173709,0.8650869710824273,BULLISH,NORMAL_VOL,2.073764586959966,0.22933333333333333,0.49683333333333335,0.0006265080874960019,6,0.0073893413460205115,PANTAU,1.1566051849104244
3,MUBARAK,Binance,0.07303,0.004950623093943372,1.531969864959803e-05,0.02064368975163065,0.629691558103469,0.12016788748754949,0.49278846153846145,7.3055360606766815,1.4302639933442048e-06,1.2648375555636002,0.16403875332882636,0.495625,0.004345149158277923,-0.19327286794986592,0.0016780757550117888,0.07161613268011832,0.06994312920417925,0.06808479128382314,0.0792377936814516,0.07609634028985825,0.0792377936814516,0.08334760580985995,BULLISH,HIGH_VOL,2.158290617080903,0.22666666666666666,0.5133333333333333,0.002784158554607271,6,0.0016780757550117888,PANTAU,1.1309219024929322
4,BEAMX,Binance,0.002654,0.005633602302960373,4.85186392252975e-06,0.04426919377418247,0.4211661956862493,0.1313491278488856,0.12595801399533502,7.267028772333368,1.4302723710017846e-06,2.5575956186394753,-0.20162499251353055,0.490625,0.01892045279527607,-0.3745338410058218,0.0003649098010883369,0.002545922486507755,0.002419434096997925,0.0022842919746189965,0.0031625128794822662,0.0028997292708404757,0.0031625128794822662,0.0035247300884499347,BULLISH,HIGH_VOL,2.35672203720901,0.23733333333333334,0.5083333333333333,0.016987774822708607,6,0.0003649098010883369,PANTAU,1.1190916882447588
5,SAND,Binance,0.07475,0.0022398548752365927,7.2777491037926015e-06,0.02705347068535849,0.5120902549883674,0.16992338397291049,0.15045719035743965,7.521827956980742,1.430263838447367e-06,0.830273813549122,0.010038222115973059,0.499,0.008527782767641252,-0.24091216032593374,0.0009771026375857484,0.07293441717328304,0.07066822661201827,0.0682579181040886,0.08327055792057171,0.07897104617735504,0.08327055792057171,0.08897560573660714,BULLISH,HIGH_VOL,2.210230472486576,0.2285,0.49983333333333335,0.007222533952864874,6,0.0009771026375857484,PANTAU,1.0892165008127637
6,PUMP,Binance,0.006665,0.003707202181760511,5.855145514249981e-06,0.01828564036666188,0.4700093550141892,0.12630943927073063,0.1817985300475572,7.741355331132769,1.430267091823294e-06,1.532065826907674,-0.045947642309680674,0.502625,0.002892360323835704,-0.1750705235633832,0.0021387833898094477,0.00655094726088881,0.006420550719676906,0.006264001327760559,0.007164875150463422,0.00691268580045524,0.007164875150463422,0.007493088967514473,BULLISH,NORMAL_VOL,2.139524623616863,0.22866666666666666,0.5083333333333333,0.0030639227880428165,6,0.0021387833898094477,ENTRY,0.9167514204640879
7,FET,Binance,0.2446,0.002973720724970829,3.7635562656232544e-06,0.012064913020729665,0.5497129619668046,0.09368138123713983,0.16550657385924206,7.494219266220521,1.4302686602954353e-06,1.5328546407062285,0.07620274445406872,0.477375,-0.0014311800901230564,-0.11917898246253524,0.004912914841433957,0.24185851061858787,0.23864010984241232,0.23481547844661965,0.2565846551396924,0.2505895508682762,0.2565846551396924,0.2642806298383665,BULLISH,NORMAL_VOL,2.090881336552127,0.2325,0.5005,0.0016049039828862537,6,0.004912914841433957,PANTAU,0.8249925272714315
8,AXS,Binance,1.343,0.002171342826155509,2.8114435954806338e-06,0.02013048493994949,0.4776127480303935,0.1122855294518682,0.10820244328097728,7.231649158736078,1.4302684808807727e-06,1.2949819370429114,-0.028991086920668763,0.489125,0.003447843964819566,-0.18914865508724105,0.0017647333710207604,1.318678659809549,1.2888912253680658,1.255232486424467,1.455353829297541,1.3990613110101953,1.455353829297541,1.5289152072804164,BULLISH,HIGH_VOL,2.154190902238531,0.23166666666666666,0.49583333333333335,0.005200517601240404,6,0.0017647333710207604,PANTAU,0.7870715228628502
9,SUI,Binance,1.2118,0.0013669668017798873,3.3964908861510473e-06,0.013545874725427195,0.5208637804258267,0.15252722932464774,0.13004694835680763,7.909148209894102,1.4302647831706212e-06,0.7417246983236155,0.015475181242236468,0.482875,-0.00011847009813062065,-0.13333732143396299,0.0038973763005049388,1.1964750074240469,1.1792909386762958,1.1574267926425759,1.2785680010334366,1.2450756828593372,1.2785680010334366,1.321703167969638,BULLISH,NORMAL_VOL,2.102349468953049,0.23166666666666666,0.49883333333333335,0.0022964041232836456,6,0.0038973763005049388,PANTAU,0.6890142496350226
10,GLMR,Binance,0.011481,0.000665266085611429,1.4755776533666247e-05,0.03581843790142025,0.482406782310295,0.07666960078717432,0.31327629036709914,7.050353370279657,1.4302612126193113e-06,0.17318662522892814,-0.0030469099985978906,0.50175,0.015464136064984382,-0.30447418018093225,0.0005574065684972282,0.01109291570115894,0.010642998489875337,0.010161131288074082,0.013220656224111513,0.012324522230719507,0.013220656224111513,0.014433001685569996,SIDEWAYS,HIGH_VOL,2.2835116074846806,0.22616666666666665,0.5101666666666667,0.009951588640481816,6,0.0005574065684972282,ENTRY,0.6001371650319504
11,NEAR,Binance,4.976,0.0012893181809895344,6.389522573547983e-06,0.009101043982893573,0.5404000775809972,0.14844822444640016,0.17261261261261263,8.035061249315554,1.4302627783618728e-06,0.5100654446214841,0.020606683534093773,0.483125,-0.0009311881904129134,-0.09188533069543127,0.008633828436319303,4.933239034186804,4.880506303122417,4.824479548333597,5.158168656656705,5.066991626258877,5.158168656656705,5.274450582079289,BULLISH,NORMAL_VOL,2.068137971647725,0.2285,0.5061666666666667,0.00026146436258777273,6,0.008633828436319303,PANTAU,0.5368065574617048
12,ICP,Binance,3.366,0.00032892359260991243,2.867314593115589e-06,0.013258431400674127,0.4753717079121834,0.05416533178378714,0.13387495584599085,7.130710871001465,1.430261904897757e-06,0.19424835631877432,-0.004784005256997046,0.499375,0.0018881320559968385,-0.1288926418691219,0.004068190523731736,3.325500612546481,3.2777566754526446,3.2192352495784644,3.548670429317671,3.457659423634207,3.548670429317671,3.665810284590655,SIDEWAYS,NORMAL_VOL,2.1001181432783484,0.2335,0.4935,0.002319221654703357,6,0.004068190523731736,PANTAU,0.43651895270592345
13,AERO,Binance,0.8621,0.0017763173332893296,3.6764261110387823e-06,0.009142382798290924,0.5236535122180003,0.11090828970925776,0.16652230402771762,6.929235674350168,1.4302655904884958e-06,0.9264193823606062,0.021913072179658863,0.47925,-0.000915752342677782,-0.0906203907459717,0.00855594317808031,0.8547001567883368,0.845763944185324,0.8357725784466545,0.893850968515082,0.8779799181274172,0.893850968515082,0.9140938368128215,BULLISH,NORMAL_VOL,2.068453291804768,0.231,0.5111666666666667,0.0002018390408521734,6,0.00855594317808031,PANTAU,0.4255461433426061
14,ZRO,Binance,1.965,0.00035815970697982325,7.529050383641883e-06,0.015791965373188933,0.4256642392353859,0.1152091232653772,0.15174418604651152,7.395484428128751,1.4302612365413346e-06,0.13052888384413977,-0.00970296388231008,0.491875,0.00132420198135367,-0.15096782249334686,0.0028675632545010826,1.937115541570424,1.9019811415390369,1.8636143017644007,2.0929290554814237,2.0291535609256,2.0929290554814237,2.1754745050727315,SIDEWAYS,NORMAL_VOL,2.1198759955914475,0.24116666666666667,0.5015,0.003470882825858563,6,0.0028675632545010826,PANTAU,0.41662242771497743
15,VIRTUAL,Binance,0.8537,0.0028707160222345767,2.955971166738317e-06,0.01300315785118394,0.39052042765647704,0.09106092208244172,0.11248513674197391,6.960781344039146,1.4302704694819743e-06,1.6697064947056992,-0.18279875297958273,0.478,-0.0011697363382082253,-0.12857441844240536,0.004229514390304851,0.8430045715659472,0.8312149097525049,0.8165770541025208,0.8984531698700489,0.8758490012674722,0.8984531698700489,0.9275305076638569,BULLISH,NORMAL_VOL,2.0981387442402775,0.22516666666666665,0.5053333333333333,0.001128859456615475,6,0.004229514390304851,PANTAU,0.3974137240057506
16,US,Gate.io,0.014171,-0.015340602149669536,4.55028853846671e-05,0.04274750163603189,0.4236494333532282,-0.001892873538609724,0.642984830685939,6.79671231025897,1.430257391075379e-06,-2.2741700649641317,0.17363417311113732,0.491875,0.01991471553263041,-0.3577136814701578,0.0003913476496224234,0.013614356717894582,0.012998148379523176,0.012260899667779237,0.01678597993872766,0.015437140969958048,0.01678597993872766,0.018638951866299165,BEARISH,HIGH_VOL,2.3433497358211572,0.23166666666666666,0.49716666666666665,0.018007447312210052,6,0.0003913476496224234,PANTAU,0.36909805890471403
17,BTW,Gate.io,1.2199,-0.0002485601960161741,4.726753032664372e-05,0.054169781586963076,0.34619851235265553,0.02839005631289293,0.4180998921114425,7.051456014367168,1.4302607098489025e-06,-0.03615348164469144,0.005560459260584506,0.495625,0.03610448093288286,-0.42035132754050786,0.00024370870601366732,1.1584643838139088,1.0878983070425856,1.0145112776554093,1.51054720075417,1.3584187103487426,1.51054720075417,1.7248848491735382,SIDEWAYS,HIGH_VOL,2.4458160461824288,0.22466666666666665,0.5103333333333333,0.022326773071884815,6,0.00024370870601366732,PANTAU,0.33811187696832845
18,IOTA,Binance,0.0597,0.002679365934126542,2.9655525268434695e-06,0.01157966685051091,0.48037014254401506,0.10596918658886624,0.1651785714285714,6.822678109642654,1.4302697928779698e-06,1.5558911874951362,-0.03054192222755267,0.47175,-0.0018791231472430128,-0.11353033736446864,0.005333297882705383,0.059082048792282314,0.05832313583567527,0.05742977288099775,0.06253057803653086,0.061127647854732826,0.06253057803653086,0.06432960600800741,BULLISH,NORMAL_VOL,2.08713884932662,0.22683333333333333,0.5016666666666667,0.0011082610675752474,6,0.005333297882705383,PANTAU,0.2920949168637348
19,NOM,Binance,0.00261,0.0020480962116275975,1.271651632402931e-05,0.019797899206020684,0.4750808993189345,0.07756892201553926,0.2596060703907007,6.874777352303538,1.4302623721921445e-06,0.5743363154391865,-0.014311944469221287,0.488875,0.002027667901309511,-0.1879766582350783,0.001824515258898196,0.002560092420590764,0.0025019099372689613,0.0024389036354661746,0.0028208347779682245,0.0027134938847339254,0.0028208347779682245,0.0029610016688646,BULLISH,NORMAL_VOL,2.1515386684452777,0.23316666666666666,0.5086666666666667,0.003982374567937742,6,0.001824515258898196,PANTAU,0.2903813421287343
20,AT,Binance,0.1262,-0.0032675516973301945,2.9390909603935825e-06,0.019290883679897994,0.4358621979463153,-0.043253229178072054,0.24878640776699035,6.90656976498322,1.4302496403123705e-06,-1.9059695321456875,0.12224469657311413,0.49375,0.0032896559105295643,-0.18065980667455825,0.0019216646754269915,0.12393913019314821,0.12132204196263328,0.1182188701109876,0.13622340242785558,0.13116996770055436,0.13622340242785558,0.1428148483656538,BEARISH,NORMAL_VOL,2.1475023964412956,0.226,0.5046666666666667,0.00321774729432862,6,0.0019216646754269915,PANTAU,0.279278420325177
21,LTC,Binance,71.13,0.0007023309659986061,1.7108679654784344e-06,0.006529064087481138,0.4866752281820265,0.10785801344743609,0.10931610123855684,7.531496296011316,1.4302648594924042e-06,0.5369496575389102,-0.007154731664444982,0.47525,-0.0012199377888536722,-0.06622758672391962,0.016775852915754518,70.69328042462865,70.1745335052508,69.57168427105259,72.99100949135826,72.0630892914965,72.99100949135826,74.16773011195139,BULLISH,NORMAL_VOL,2.0486242391288387,0.22733333333333333,0.49966666666666665,-0.0003941050668356812,6,0.016775852915754518,SKIP,0.208807723621095
22,QNT,Binance,257.7,-0.0001537602896806683,2.46652185132017e-05,0.015184670626815479,0.4874018752490649,0.16112666437734216,0.3980782628889922,7.780172031781805,1.430260699818538e-06,-0.030960053670255124,0.00039003861843351956,0.484625,0.0005499471805151776,-0.14765509768798973,0.003101519083820633,254.02193661550479,249.59087959974062,244.7472224847651,273.6390816439062,265.6166919579634,273.6390816439062,284.0086549182397,SIDEWAYS,NORMAL_VOL,2.11512125892735,0.223,0.5136666666666667,0.0009880234665008295,6,0.003101519083820633,PANTAU,0.17889855019439527
23,RAY,Binance,2.1245,0.0012454093099808052,5.6980940991830154e-06,0.009393320254135674,0.4812446726557616,0.07762430625531994,0.20367818072185373,6.847515366215579,1.4302629458866248e-06,0.5217317895556308,-0.00978525049901116,0.485625,-0.0005386952426118345,-0.0927990099101535,0.008104899482618827,2.1056434503310153,2.0838915348237608,2.0577481543177814,2.204804363150611,2.1645916026635756,2.204804363150611,2.2561224787337975,BULLISH,NORMAL_VOL,2.0703685136886163,0.23083333333333333,0.5006666666666667,0.0007851810628859684,6,0.008104899482618827,PANTAU,0.16862155347121466
24,WLD,Binance,0.5786,0.00014494263363214744,4.345067809578731e-06,0.010150314981707908,0.5089430827116074,0.09463945189579498,0.18903493600830168,7.642216060738025,1.4302610930253145e-06,0.06953410499388084,0.0006218492522378678,0.483625,-0.001009779233354268,-0.10100557791407662,0.006941067861321493,0.573115138928535,0.5662644272850578,0.5590414074900408,0.602334429587415,0.5904720773031078,0.602334429587415,0.6174980523255444,SIDEWAYS,NORMAL_VOL,2.0761580385824328,0.22633333333333333,0.5166666666666667,3.060429597992735e-05,6,0.006941067861321493,PANTAU,0.15469815200312786
25,DOGE,Binance,0.09605,0.0009123820519835073,1.2958995385515086e-06,0.005195628878625471,0.5592189011194161,0.05882077495966812,0.12362901674042714,7.710859148146947,1.4302677922312274e-06,0.8014770035030352,0.04746258741993214,0.463625,-0.001937866001087023,-0.053938050024446724,0.02649177874483827,0.09558762288682594,0.09503161613239645,0.09437882195816658,0.09805186989146492,0.09705863802114248,0.09805186989146492,0.0993077151004052,BULLISH,NORMAL_VOL,2.0385879479526494,0.24033333333333334,0.4885,-0.0002689597276189239,6,0.02649177874483827,SKIP,0.1448607901940896
26,ZAMA,Binance,0.08513,0.0004112332376676194,1.083754990808457e-05,0.01310903082820675,0.505386206688428,0.08878724800613305,0.3095011424219345,6.9056407079045545,1.4302611408698234e-06,0.12491731871475294,0.0006728304975618996,0.486625,0.0004981398222706818,-0.12707784168790368,0.004161445143550386,0.08411141171895628,0.08289286861515106,0.08145345994182616,0.08969034467981357,0.08741568894169835,0.08969034467981357,0.09261707868477032,SIDEWAYS,NORMAL_VOL,2.098959435178717,0.232,0.5026666666666667,0.001636570812024906,6,0.004161445143550386,PANTAU,0.10068766943825364
27,OPEN,Binance,0.1189,-0.0007958883045159481,2.6432725447310806e-06,0.018491383673380837,0.4224252546573365,-0.02489343095924059,0.23407109322602293,6.891348846252072,1.430257746330424e-06,-0.4895320722024544,0.037975325838171765,0.493625,0.0025618335380358007,-0.17376040014550667,0.002091440402156201,0.11685631144650739,0.11435723704525368,0.11168144951633416,0.12793649167931914,0.1233836267522738,0.12793649167931914,0.13386454582921092,SIDEWAYS,NORMAL_VOL,2.141154755879802,0.22966666666666666,0.5128333333333334,0.0029823780475369283,6,0.002091440402156201,PANTAU,0.03628117483664079
28,ZEC,Binance,1339.11,0.0003435577453216563,3.54059080612452e-06,0.006969480795993465,0.5279665270017242,0.056566833241253625,0.24112485752279644,8.068237280919003,1.4302617290378413e-06,0.18258364602115476,0.005106230466523877,0.475625,-0.0011501947358911566,-0.07023754846749716,0.014722605353288442,1329.9921337267822,1319.9069263091928,1307.479654210657,1376.1866418190787,1357.5193593991821,1376.1866418190787,1399.8821337409174,SIDEWAYS,NORMAL_VOL,2.0519511437737368,0.22683333333333333,0.5125,-0.0006275422672081014,6,0.014722605353288442,SKIP,0.006846719233300089
29,TAO,Binance,303.4,0.0003978686088874576,2.7969179171730094e-06,0.006377496284338458,0.54725319870879,0.07315008049371763,0.15623154164205566,7.43387704898717,1.4302621801487258e-06,0.23790294320334035,0.011241675048593415,0.471375,-0.0013327140089834663,-0.06338179787100758,0.017582686421616846,301.6507814018932,299.3984272654436,296.9751257393378,311.2240960506195,307.3588413682629,311.2240960506195,316.12409130577777,SIDEWAYS,NORMAL_VOL,2.047480682846971,0.23333333333333334,0.504,-0.0002654198051693986,6,0.017582686421616846,SKIP,-0.006488321827867467
30,ENA,Binance,0.2419,0.00031290416824398604,5.800565575606915e-06,0.007814798712336266,0.49561579469008704,0.11426911010723455,0.21362862010221462,7.552194537165512,1.4302612997089185e-06,0.1299200497054804,-0.0005695961717829228,0.473375,-0.001619984737781624,-0.07999859046686883,0.011709808678140574,0.24012666660024043,0.23796977903468522,0.23557381228963523,0.24949805016547447,0.24570638956947713,0.24949805016547447,0.25432001344799277,SIDEWAYS,NORMAL_VOL,2.0583534912164345,0.21833333333333332,0.513,-0.000692012188439133,6,0.011709808678140574,SKIP,-0.012808624272674964
31,ONE,Binance,0.002393,-0.000507598855591362,5.196971129828365e-05,0.02132243119017048,0.5649794214090711,0.09970663441862823,0.5674668874172186,6.8662167980242135,1.4302606647900155e-06,-0.07041180574650541,-0.004575318397775828,0.486,0.0030726380751790443,-0.19810157899003056,0.001572938548594607,0.002346547004196339,0.0022897810723571527,0.002227134565874726,0.0026049228031396025,0.002498323181564046,0.0026049228031396025,0.0027445911412493384,SIDEWAYS,HIGH_VOL,2.1637260119199695,0.23416666666666666,0.5038333333333334,0.00526688254643341,6,0.001572938548594607,PANTAU,-0.015762676050062922
32,DOT,Binance,1.193,0.00023594798821043988,2.3836434077825152e-06,0.006241016586585342,0.4856040760167666,0.051562780618883225,0.12144504227517283,6.8495081861815335,1.4302617465997572e-06,0.15282543333763793,-0.0022000633210333413,0.477375,-0.001017356106765626,-0.06270933201622687,0.018360092040269973,1.1861701036064722,1.1775924630478882,1.1681746595237692,1.2229969084128562,1.2081309354830914,1.2229969084128562,1.241836875792079,SIDEWAYS,NORMAL_VOL,2.0464515705828914,0.2255,0.5168333333333334,-0.0008859595601084932,6,0.018360092040269973,SKIP,-0.06975021075588415
33,ARB,Binance,0.2026,0.0003234077404676964,6.364219533374034e-06,0.00605074927395107,0.47480732861624286,0.08650311980153792,0.23489395758303322,7.00420532266229,1.430261268655564e-06,0.12819699169670487,-0.003229624684201328,0.478375,-0.0012860629972211068,-0.06285526584855698,0.019532915340631812,0.20144750852022605,0.20011639151786964,0.1984838219997978,0.20750830031596995,0.20506240383513943,0.20750830031596995,0.21060673698615887,SIDEWAYS,NORMAL_VOL,2.0450178363898353,0.2315,0.508,-0.0005797963049650415,6,0.019532915340631812,SKIP,-0.11920843268280899
34,AVAX,Binance,11.063,0.00015752067624645485,2.8428088045457623e-06,0.00429014111011588,0.5245413137625176,0.11616209933362491,0.1275010827197921,7.306785954582946,1.4302613118084212e-06,0.09342513663238816,0.002292775591401511,0.46575,-0.0013412681565447332,-0.0450613940382167,0.0388545820183935,11.018887356645756,10.965756521778854,10.903699945318106,11.252925576578663,11.158719617750169,11.252925576578663,11.37180223069875,SIDEWAYS,NORMAL_VOL,2.031803799003583,0.22733333333333333,0.5095,-0.0010843663948089685,6,0.0388545820183935,SKIP,-0.11948742597193587
35,AAVE,Binance,179.97,-2.992565807002509e-05,2.2925235826007834e-06,0.005336304520479691,0.5658037173095002,0.11868680187064343,0.1297890166806306,7.360330216506942,1.4302606259626448e-06,-0.019764544207071882,-0.0013005804797532777,0.467125,-0.0015770705774133637,-0.054772751023206875,0.025113311141414817,179.09911875830494,177.99328454207395,176.7733079156476,183.84294531311832,181.93052009885213,183.84294531311832,186.26177155219816,SIDEWAYS,NORMAL_VOL,2.0396441824965112,0.2335,0.504,-0.0006535533335983839,6,0.025113311141414817,SKIP,-0.13754851716951802
36,PENGU,Binance,0.009337,0.00032347404428817916,3.82422087343391e-06,0.007654456080446397,0.4725020998193064,0.06646882854838145,0.20233747260774282,6.847195228307139,1.4302616048533575e-06,0.16541235872588733,-0.00454849252889753,0.4775,-0.0015051368669438364,-0.07765655577797442,0.012205534806907592,0.009270235883201932,0.00919142807448131,0.00909804279999652,0.009624460709611829,0.009481174861341087,0.009624460709611829,0.009806616982143109,SIDEWAYS,NORMAL_VOL,2.0571373705373173,0.2265,0.5083333333333333,-0.0003088741407181032,6,0.012205534806907592,SKIP,-0.14260898564105012
37,MARSCOIN,Binance,0.109,-0.0014471424807457336,1.5777425640732124e-05,0.013236235899865664,0.4565503647915693,0.010320653863525674,0.3605150214592274,6.934684321090037,1.430259844607298e-06,-0.36432856345674447,0.015829943178207143,0.4925,0.0002729434754955297,-0.12823850090640979,0.004081839769639192,0.10773494098433241,0.10619462502507694,0.10429797391855065,0.11495238607650779,0.11200913038357241,0.11495238607650779,0.11874045165663615,SIDEWAYS,NORMAL_VOL,2.09994595643113,0.23216666666666666,0.497,0.0022857083374896387,6,0.004081839769639192,PANTAU,-0.15650371289297024
38,牛来,Binance,0.07944,-0.0022654117087427235,9.753234655848107e-06,0.01301257522549878,0.3721589082567494,-0.061328062391322075,0.3809410457827501,6.833782498240451,1.4302584385423407e-06,-0.7253920711548123,0.09273491431832892,0.4855,2.3608766096764448e-05,-0.12566998550662298,0.004223359167831067,0.0784641438502353,0.07729477958272113,0.07600260261679333,0.0836289785402623,0.08152345397251552,0.0836289785402623,0.08633751972042976,BEARISH,NORMAL_VOL,2.0982117300570327,0.2225,0.5041666666666667,0.0012187372562117078,6,0.004223359167831067,PANTAU,-0.1829341231941708
39,ACE,Binance,0.1876,0.0006015256096287282,4.830290549625105e-06,0.005970896739920257,0.37989906959657144,0.05373691612094597,0.22869565217391308,7.108603408557044,1.4302620050960307e-06,0.2736953975561697,-0.032871071893632246,0.477625,-0.0013999373255816636,-0.061192949470686674,0.020058870976572617,0.1865452789789927,0.1853008419643377,0.1838367879619761,0.19208256257028078,0.18984819378553916,0.19208256257028078,0.1949125396440466,SIDEWAYS,NORMAL_VOL,2.044416450525063,0.22233333333333333,0.513,-0.0010192918777087558,6,0.020058870976572617,SKIP,-0.2524952885649854
40,ADA,Binance,0.2481,0.0003931493502616808,1.8342593374300318e-06,0.004626479054706361,0.46573823030426426,0.06447434479372081,0.10612435717625057,7.426946951129131,1.430262898308244e-06,0.2902867365423103,-0.009945737313139353,0.46075,-0.0016522084339614716,-0.048451523396870436,0.03341063090345837,0.24699754937250368,0.2456732785156571,0.2442142471275036,0.2526596790177727,0.2503794158055717,0.2526596790177727,0.25553923358964015,SIDEWAYS,NORMAL_VOL,2.0343207984114735,0.22783333333333333,0.5093333333333333,-0.001144052896645176,6,0.03341063090345837,SKIP,-0.2536206282406201
41,TRUMP,Binance,2.055,2.5666647161478955e-05,2.668607607076761e-06,0.0055511179163382236,0.43859176518136117,0.015484742227478043,0.14014984574702516,7.2197776868820505,1.4302608535576698e-06,0.01571183032979629,-0.0009648357663227422,0.47,-0.001388679712120871,-0.0564961375399378,0.023207285822630548,2.0442570108251243,2.031223220062996,2.0166485446113613,2.1006130199283333,2.0778865413625898,2.1006130199283333,2.129370982610452,SIDEWAYS,NORMAL_VOL,2.041258238210815,0.229,0.5145,-0.0010238202728416793,6,0.023207285822630548,SKIP,-0.2935690798782918
42,MOVR,Binance,1.743,-0.003729990135888319,1.6820879024277207e-05,0.02208622257521954,0.6294847051010474,0.09776032040870028,0.4608722548716362,7.061075725627407,1.430258544410782e-06,-0.9094594492306188,-0.11776108858498764,0.490375,0.0039374116378667464,-0.206031853012397,0.0014660259787825443,1.7077239524794305,1.6661075441386257,1.6177907538458907,1.9028664616070037,1.8222671865987752,1.9028664616070037,2.008647055950236,BEARISH,HIGH_VOL,2.169860653158135,0.23266666666666666,0.49783333333333335,0.005928664970710251,6,0.0014660259787825443,PANTAU,-0.3020949438401469
43,HBAR,Binance,0.10235,9.571305561164647e-05,2.9964674134238674e-06,0.004493645661491694,0.5995714660974146,0.08961018791182256,0.23444239063462724,6.911629230369211,1.4302610773838104e-06,0.05529252228171925,0.0055055575078147515,0.4675,-0.0014859857839365164,-0.04701295661893066,0.03541503510168036,0.10192170982115822,0.1014255017156767,0.10080599507689258,0.10419032197680829,0.1032768797519446,0.10419032197680829,0.10534349424945574,SIDEWAYS,NORMAL_VOL,2.033326320468479,0.22733333333333333,0.5075,-0.001010091605519845,6,0.03541503510168036,SKIP,-0.31818926626859806
44,ONDO,Binance,0.4931,-4.138444916144564e-05,3.859964046949687e-06,0.005786960874056127,0.5270749520318881,0.08442133582594213,0.19472002690432155,7.216818636111189,1.4302606518173571e-06,-0.02106422811102939,-0.0005703129656948705,0.464,-0.0019529675381662083,-0.0597489022802181,0.021354239191790327,0.49041464017686753,0.4872318984856069,0.4835120013547805,0.5045169517522996,0.4988280061494882,0.5045169517522996,0.5117194581798725,SIDEWAYS,NORMAL_VOL,2.0430319387866054,0.23166666666666666,0.5023333333333333,-0.000626811908981676,6,0.021354239191790327,SKIP,-0.34423230436264746
45,BCH,Binance,316.7,0.0002167826425355268,2.6805328117387175e-06,0.0036804988905349834,0.576064050310432,0.12120531639651073,0.16578728131074716,7.049785697597019,1.4302615661312431e-06,0.13240791354557116,0.010071482197429649,0.455875,-0.0017256829682658088,-0.03812798313711143,0.05279248321371267,315.61827578342997,314.35497771988776,312.7856560723298,321.36070502106793,319.05130114490214,321.36070502106793,324.27098127492917,SIDEWAYS,NORMAL_VOL,2.0272503277214264,0.2335,0.49933333333333335,-0.0010425067342548396,6,0.05279248321371267,SKIP,-0.3633263659316073
46,SOL,Binance,121.67,0.0004750918603943637,8.063526662755979e-07,0.002405944997891019,0.56747146362393,0.10430659323147431,0.07203308328524727,8.256097440185865,1.4302666368618261e-06,0.5290723638247252,0.03569728675022659,0.43375,-0.0018853385307284283,-0.026781586386056207,0.1235422831138378,121.39442214679188,121.06995443367883,120.68110780070845,122.83372440139674,122.25596695480925,122.83372440139674,123.55976229908549,BULLISH,NORMAL_VOL,2.0177671492345435,0.2345,0.49966666666666665,-0.001393090105191751,6,0.1235422831138378,SKIP,-0.38678871230231093
47,UNI,Binance,9.034,-5.260797975548262e-05,4.8748181167720404e-06,0.0044170496706061645,0.5387502964200375,0.08984510987931528,0.20449040432271293,7.349976655692691,1.4302606518855202e-06,-0.0238271674085194,-0.0009233097999299827,0.462875,-0.0018301292229516793,-0.04675734294514835,0.03665393700939894,8.996330059926029,8.952985291272256,8.899518776269046,9.193123498645095,9.11389474892546,9.193123498645095,9.29312869095889,SIDEWAYS,NORMAL_VOL,2.032753118080057,0.236,0.4935,-0.000740387217010938,6,0.03665393700939894,SKIP,-0.3912868029044951
48,PEPE,Binance,4.31e-06,9.710397999071811e-05,3.311518364236121e-06,0.004592173534460543,0.527602866213166,0.06809612585619984,0.21333333333333326,7.167015141791851,1.4302610516492615e-06,0.053360936965258995,0.0014729148040612276,0.464125,-0.001762156682413615,-0.04842406242046919,0.033911635372207594,4.291743707324373e-06,4.269107968814789e-06,4.243738604049234e-06,4.389389155538246e-06,4.35006717410988e-06,4.389389155538246e-06,4.4390418555243685e-06,SIDEWAYS,NORMAL_VOL,2.0340639130432354,0.23333333333333334,0.5056666666666667,-0.0009223302004685286,6,0.033911635372207594,SKIP,-0.39722175910515134
49,XLM,Binance,0.218,0.0002685510458949845,2.1641027552654094e-06,0.0041551577591031836,0.5072243471499152,0.06511779737320332,0.11800610376398779,6.975909201649865,1.4302619970630974e-06,0.1825525522384223,0.0013188230104733837,0.4575,-0.0018315949219189864,-0.04437237344343269,0.04142004525170102,0.2171739863989936,0.21613559337571192,0.21497479670233638,0.22164008899924523,0.21984273119157463,0.22164008899924523,0.22390746455940563,SIDEWAYS,NORMAL_VOL,2.030794618145075,0.227,0.506,-0.0012076020963756532,6,0.04142004525170102,SKIP,-0.40733770294748256
50,BNB,Binance,788.93,0.0003805025735995106,3.3574339349308804e-07,0.0025894016458037684,0.5038772226026986,0.0736461960049405,0.066600434647625,7.819273289077929,1.4302720532737287e-06,0.6566801076305987,0.002546094956047924,0.4415,-0.0018018775654096094,-0.02856726943180348,0.10665711147316473,787.0263861857663,784.7876104003155,782.0503014949971,797.0737435751669,793.0394996008889,797.0737435751669,802.1454204803945,BULLISH,NORMAL_VOL,2.0191290972275615,0.22583333333333333,0.508,-0.0014751973926490924,6,0.10665711147316473,SKIP,-0.41628988865298633
51,LINK,Binance,14.179,0.00030603691123452315,1.6959807082990935e-06,0.0037175728486581986,0.5239099356935193,0.0872433663295749,0.12344800827728919,7.364469956351361,1.4302625587875247e-06,0.23499756170960295,0.005618776588610438,0.453375,-0.00210493369730413,-0.039373388823495226,0.05174481028554731,14.131512337707905,14.069620138234841,14.003412706756254,14.39123778693612,14.286779642277104,14.39123778693612,14.522885142337888,SIDEWAYS,NORMAL_VOL,2.0275269124408752,0.23583333333333334,0.5025,-0.0009911808438455702,6,0.05174481028554731,SKIP,-0.4266146516205129
52,LIT,Gate.io,3.63,-3.4777635764422006e-05,5.036439256547231e-06,0.010333634872638466,0.44944509911063973,-0.025175062274652212,0.37274549098196386,6.891743188015905,1.4302606908454702e-06,-0.015496665347436519,0.0007834323807552368,0.476625,-0.0011607499484553574,-0.10518641885803394,0.006696979702850698,3.5959651330292624,3.5527755117228894,3.5060859029400784,3.7826948759829104,3.706866756141267,3.7826948759829104,3.8796650337393266,SIDEWAYS,NORMAL_VOL,2.077562778056318,0.22683333333333333,0.506,0.0003696534137601759,6,0.006696979702850698,PANTAU,-0.4534110847817131
53,TON,Binance,1.6,0.0001561955571993485,2.048421416534523e-06,0.005846741991939893,0.38784690849093245,-0.028085245571351183,0.1572847682119206,6.887568726629602,1.4302615182717644e-06,0.10913373601482883,-0.012239685881997519,0.463125,-0.0019151656536297967,-0.05894326451667546,0.020919803423823158,1.590959470071589,1.5801841338745093,1.5683368709086711,1.6371883398567166,1.61853774643881,1.6371883398567166,1.6608040924758096,SIDEWAYS,NORMAL_VOL,2.0434818056142885,0.23266666666666666,0.5078333333333334,-0.0005302900821005355,6,0.020919803423823158,SKIP,-0.5779936854562242
54,HYPE,Binance,90.13,0.00032839661285310383,1.0455939969526696e-06,0.00308912167233072,0.35335505425217784,-0.008357041277968628,0.0991324587388911,7.348735791342594,1.4302638898244348e-06,0.32115680482297554,-0.04709602221980916,0.45325,-0.0016423134176669087,-0.03356238345447843,0.07494042464935967,89.87986851733325,89.56291331663941,89.20233466308905,91.25041388225077,90.69970554715965,91.25041388225077,91.94350386529361,SIDEWAYS,NORMAL_VOL,2.022844107836327,0.22983333333333333,0.5061666666666667,-0.00138257982422234,6,0.07494042464935967,SKIP,-0.7237215000804553
55,ASTER,Binance,0.712,-0.0003452031653773829,1.0567288072555125e-06,0.00343944005713279,0.527635140929511,0.01583696329314019,0.1270063694267516,7.137889905698462,1.43025748248774e-06,-0.33580951382051377,-0.009280143239900479,0.449,-0.0018985674735091042,-0.03713734579769584,0.060451731253233866,0.7098376197177798,0.7070352979038275,0.7038824488247409,0.7218995382673048,0.7170503684558365,0.7218995382673048,0.728007142065589,SIDEWAYS,NORMAL_VOL,2.0254529661985705,0.2455,0.49066666666666664,-0.0008684960485174032,6,0.060451731253233866,SKIP,-0.8660708587953831
56,XRP,Binance,1.5029,0.00024369890664162726,1.3846981253149414e-06,0.002424537157726011,0.5166034133211912,0.04227997367786813,0.14581640942323315,7.927044642782309,1.4302625123507577e-06,0.20709805902976214,0.0034385346720875935,0.42875,-0.0018701187651868627,-0.026311669388178215,0.12165447010264649,1.4995282360031748,1.4953774788603733,1.4906491115240759,1.5174454668171264,1.5102530264691507,1.5174454668171264,1.5264842050996308,SIDEWAYS,NORMAL_VOL,2.01790512748508,0.22066666666666668,0.5028333333333334,-0.0015012279299788359,6,0.12165447010264649,SKIP,-0.8742760241158515
57,BTC,Binance,85420.0,0.00021826521388004617,3.1562599667475466e-07,0.0014275238381134417,0.5727078044422987,0.09298410749521586,0.05163585510333912,8.870231024430396,1.43026763273371e-06,0.38850636817720413,0.028247445042015873,0.3945,-0.001819721441479492,-0.01638338382455945,0.25,85310.59132075509,85172.17342500774,84420.35093302571,85909.2943106761,85669.31056101731,85909.2943106761,86210.21958639762,SIDEWAYS,NORMAL_VOL,0.6725183424311221,0.24683333333333332,0.09,-0.002004927928547013,6,0.25,SKIP,-1.0558531502120125
58,ETH,Binance,2705.0,0.00016153148995540548,4.262436165273849e-07,0.0016799055242108065,0.5470370301852425,0.05904574208159703,0.07010316497059099,8.495048384872128,1.430264518834053e-06,0.24741626983952092,0.011637726552761655,0.402875,-0.0019665681755376726,-0.01928488400328443,0.25,2700.8175231754176,2695.57997483116,2678.681486580019,2723.1364871246683,2714.186853794245,2723.1364871246683,2734.3650387675802,SIDEWAYS,NORMAL_VOL,1.008263780784053,0.2415,0.23516666666666666,-0.0019068888413116907,6,0.25,SKIP,-1.225180665089426
59,U,Binance,0.9994,-9.682643216549102e-07,1.9469570383427727e-10,7.283977421098865e-05,0.26607441474996546,-0.012159788442826497,0.0011994002998501063,7.0060243739613695,1.4301375755354533e-06,-0.0693930130741205,0.016232801195626936,0.0,-0.0019695299199917866,-0.0027229311036149036,0.25,0.9993360012829061,0.9992530110982607,0.9988012389874525,0.9996926685337112,0.9995499863604067,0.9996926685337112,0.9998710498922941,SIDEWAYS,NORMAL_VOL,0.6669640957065982,0.286,0.07716666666666666,-0.001976010073380502,6,0.25,SKIP,-1.5958736906578086
60,TRX,Binance,0.3355,-5.524168457890764e-06,7.618754778927146e-08,0.0010858476067425534,0.42336779545443065,-0.018796969294762395,0.04641833810888252,7.157569726653898,1.430259849933527e-06,-0.02001358620062634,0.0015336852314167817,0.355625,-0.0019013236248755971,-0.012973535610658735,0.25,0.33515064080075074,0.334728784186073,0.33248700846912677,0.3369382401588605,0.3362220591080643,0.3369382401588605,0.33783561212312424,SIDEWAYS,NORMAL_VOL,0.6711134028846623,0.24216666666666667,0.09983333333333333,-0.0020945813383167395,6,0.25,SKIP,-1.626612833179823
